ROUGE-L,BLEU
0.888283470506899,0.6856141871252954
